<?xml version="1.0" encoding="UTF-8"?>
<configuration>

    <!-- Console Appender -->
    <appender name="CONSOLE" class="ch.qos.logback.core.ConsoleAppender">
        <encoder>
            <pattern>%d{yyyy-MM-dd HH:MM:ss.SSS} [%thread] %-5level %logger{36} - %message%n</pattern>
        </encoder>
    </appender>

    <!-- File Appender -->
    <appender name="FILE" class="ch.qos.logback.core.rolling.RollingFileAppender">
        <file>internalProject/internalProject.log</file>
        <rollingPolicy class="ch.qos.logback.core.rolling.SizeAndTimeBasedRollingPolicy">
            <fileNamePattern>internalProject/internalProject.%d{yyyy-MM-dd}.%i.log</fileNamePattern>
            <maxFileSize>10MB</maxFileSize>
            <maxHistory>5</maxHistory>
            <totalSizeCap>100MB</totalSizeCap>
        </rollingPolicy>
        <encoder>
            <pattern>%d{yyyy-MM-dd HH:MM:ss.SSS} [%thread] %-5level %logger{36} - %message%n</pattern>
        </encoder>
    </appender>

    <!-- Loggers -->
    <root level="info">
        <appender-ref ref="CONSOLE"/>
        <appender-ref ref="FILE"/>
    </root>

    <!-- Set specific logging level for a package or class -->
    <!-- Assuming "com.tm.internalproject" is the package for your application -->
    <logger name="com.tm.internalproject" level="DEBUG"/>

</configuration>
