<?xml version="1.0" encoding="UTF-8"?>
<configuration>
	<!-- Appenders -->  
	<log4j:configuration debug="true" xmlns:log4j='http://jakarta.apache.org/log4j/'>
	
	<appender name="CONSOLE"
		class="ch.qos.logback.core.ConsoleAppender">
		<encoder>
			<pattern>%d{yyyy-MM-dd HH:mm:ss.SSS} [%thread] %-5level %logger{36} -
				%msg%n</pattern>
		</encoder>
	</appender>

	<appender name="FILE"
		class="ch.qos.logback.core.rolling.RollingFileAppender">
		<file>estimator/estimatortool.log</file>
		<rollingPolicy
			class="ch.qos.logback.core.rolling.SizeAndTimeBasedRollingPolicy">
			<fileNamePattern>estimator/estimatortool.%d{yyyy-MM-dd}.%i.log
			</fileNamePattern>
			<maxFileSize>10MB</maxFileSize>
			<maxHistory>10</maxHistory>
			<totalSizeCap>100MB</totalSizeCap> <!-- Optional: Set total size limit for all log files -->
		</rollingPolicy>
		<encoder>
			<pattern>%d{yyyy-MM-dd HH:mm:ss.SSS} [%thread] %-5level %logger{36} -
				%msg%n</pattern>
		</encoder>
	</appender>
	<!-- Loggers -->
	<root level="DEBUG">
		<appender-ref ref="CONSOLE" />
	</root>

	<!-- Set specific logging level for a package or class -->
	<logger name="com.tm.estimator" level="DEBUG" />
	</log4j:configuration>  
</configuration>
